{
  "-1": [
    [
      0,
      "tanh"
    ]
  ],
  "-2": [
    [
      0,
      "tanh"
    ]
  ],
  "0": [
    [
      1,
      "tanh"
    ]
  ],
  "1": [
    [
      2,
      "ReLU"
    ],
    [
      3,
      "tanh"
    ]
  ],
  "2": [
    [
      4,
      "tanh"
    ],
    [
      5,
      "tanh"
    ],
    [
      6,
      "ReLU"
    ]
  ],
  "4": [
    [
      7,
      "ReLU"
    ]
  ],
  "7": [
    [
      8,
      "ReLU"
    ]
  ],
  "8": [
    [
      9,
      "ReLU"
    ],
    [
      10,
      "ReLU"
    ],
    [
      11,
      "ReLU"
    ]
  ],
  "3": [
    [
      12,
      "avg"
    ]
  ],
  "5": [
    [
      12,
      "avg"
    ]
  ],
  "6": [
    [
      12,
      "avg"
    ]
  ],
  "9": [
    [
      12,
      "avg"
    ]
  ],
  "10": [
    [
      12,
      "avg"
    ]
  ],
  "11": [
    [
      12,
      "avg"
    ]
  ],
  "12": [
    [
      13,
      "h[t]"
    ]
  ]
}